{"noisy_prcp": [-1.0, -1.0, -0.9436652581867291, 0.2564686620034776], "elev": [0.0, 0.0, 45.61340284591168, 60.2167453924854]}