{"noisy_prcp": [-1.0, -1.0, -0.13958976418026225, 0.7007735225023236], "elev": [-0.2222222238779068, 5.388888835906982, 801.8488640667103, 728.4687016730074]}