{"noisy_prcp": [-1.0, -1.0, -0.2866230605381253, 0.6155888882919572], "elev": [0.0, 0.0, 45.61340284591168, 60.2167453924854]}