{"noisy_prcp": [0.0, 0.0, 2.876423256150369, 5.823027306827545], "wind": [0.1543000042438507, 0.4106999933719635, 3.0145489018621285, 1.486049337853256], "elev": [0.0, 0.0, 45.61340284591168, 60.2167453924854]}