{"noisy_prcp": [0.0, 0.0, 2.876423256150369, 5.823027306827545], "elev": [0.0, 0.0, 45.61340284591168, 60.2167453924854]}