{"noisy_prcp": [-1.0, -1.0, -0.4423616603745729, 0.5801839476680971], "elev": [0.0, 0.0, 45.61340284591168, 60.2167453924854]}