{"noisy_prcp": [-1.0, -1.0, -0.4624465449224256, 0.5790286368312026], "elev": [0.0, 0.0, 45.61340284591168, 60.2167453924854]}