{"noisy_prcp": [-1.0, -1.0, -0.20849144399446728, 0.638501491739592], "elev": [0.0, 0.0, 45.61340284591168, 60.2167453924854]}