{"noisy_prcp": [-1.0, -1.0, -0.42040013757744327, 0.6404018268307591], "wind": [0.1543000042438507, 0.4106999933719635, 3.0145489018621285, 1.486049337853256], "elev": [0.0, 0.0, 45.61340284591168, 60.2167453924854]}