{"noisy_prcp": [-1.0, -1.0, 0.08923119999644762, 0.7831692756276405], "elev": [0.0, 0.0, 45.61340284591168, 60.2167453924854]}