{"noisy_prcp": [0.0, 0.0, 24.985865184332976, 45.641131275357026], "elev": [0.0, 0.0, 45.61340284591168, 60.2167453924854]}