{"noisy_prcp": [-1.0, -1.0, -0.41090632067208926, 0.5615065250488593], "elev": [0.0, 0.0, 45.61340284591168, 60.2167453924854]}