{"noisy_prcp": [-1.0, -1.0, -0.3904605818777899, 0.6627888242252192], "elev": [0.0, 0.0, 45.61340284591168, 60.2167453924854]}