{"noisy_prcp": [-1.0, -1.0, -0.9441077726105801, 0.2546013322880677], "elev": [0.0, 0.0, 45.61340284591168, 60.2167453924854]}