{"noisy_prcp": [-1.0, -1.0, -0.3964341250524606, 0.6219121109837531], "elev": [0.0, 0.0, 45.61340284591168, 60.2167453924854]}