{"noisy_prcp": [-1.0, -1.0, -0.945347674571812, 0.24935494651844578], "elev": [0.0, 0.0, 45.61340284591168, 60.2167453924854]}