{"noisy_prcp": [0.0, 0.0, 0.2119146213994804, 2.0508150133980663], "elev": [0.0, 0.0, 45.61340284591168, 60.2167453924854]}