{"noisy_prcp": [-1.0, -1.0, -0.32282935028115983, 0.6108270159682181], "elev": [0.0, 0.0, 45.61340284591168, 60.2167453924854]}