{"noisy_prcp": [-1.0, -1.0, -0.413774101582381, 0.6061698196344895], "elev": [0.0, 0.0, 45.61340284591168, 60.2167453924854]}