{"noisy_prcp": [-1.0, -1.0, -0.41417001206298637, 0.6058105180629644], "elev": [0.0, 0.0, 45.61340284591168, 60.2167453924854]}