{"noisy_prcp": [-1.0, -1.0, -0.39414949595541415, 0.6609491973899538], "elev": [0.0, 0.0, 45.61340284591168, 60.2167453924854]}