{"noisy_prcp": [-1.0, -1.0, -0.40997478137587906, 0.6096236510826337], "elev": [0.0, 0.0, 45.61340284591168, 60.2167453924854]}