{"noisy_prcp": [-1.0, -1.0, -0.4033162400001524, 0.6157538343728215], "elev": [0.0, 0.0, 45.61340284591168, 60.2167453924854]}