{"noisy_prcp": [-1.0, -1.0, -0.28009580579744625, 0.6023110616250352], "elev": [0.0, 0.0, 45.61340284591168, 60.2167453924854]}