{"noisy_prcp": [-1.0, -1.0, -0.46766871594755915, 0.6201946043009], "elev": [0.0, 0.0, 45.61340284591168, 60.2167453924854]}