{"noisy_prcp": [-1.0, -1.0, -0.3933964637261562, 0.6246701351841479], "elev": [0.0, 0.0, 45.61340284591168, 60.2167453924854]}